{"cameraMode":{"drawMode":0,"name":"Shaded","section":"Shading Mode"},"sceneLighting":true,"audioPlay":false,"sceneViewState":{"m_AlwaysRefresh":false,"showFog":true,"showSkybox":true,"showFlares":true,"showImageEffects":true,"showParticleSystems":true,"showVisualEffectGraphs":true,"m_FxEnabled":true},"in2DMode":false,"pivot":{"x":160.18731689453126,"y":227.37135314941407,"z":-60.99321746826172},"rotation":{"x":0.14047642052173615,"y":0.028213372454047204,"z":-0.004004648420959711,"w":0.9896754026412964},"size":392.5205383300781,"orthographic":true}